{
    "style": {
        "replacements": [
            {
                "type": "font",
                "name": "Main font",
                "find": "'Source Sans Pro'"
            },
            {
                "type": "color",
                "name": "Headline",
                "find": "#e71717"
            },
            {
                "type": "color",
                "name": "Subheadline",
                "find": "#3a3a3a"
            },
            {
                "type": "color",
                "name": "List Numbers",
                "find": "#e41515"
            },
            {
                "type": "color",
                "name": "Content Headline",
                "find": "#515151"
            },
            {
                "type": "color",
                "name": "Body Text",
                "find": "#333333"
            },
            {
                "type": "color",
                "name": "Button Text",
                "find": "#fefefe"
            },
            {
                "type": "color",
                "name": "Button Border",
                "find": "#df2d2d"
            },
            {
                "type": "color",
                "name": "Button Gradient 1",
                "find": "#ef2f2f"
            },
            {
                "type": "color",
                "name": "Button Gradient 2",
                "find": "#d52727"
            },
            {
                "type": "color",
                "name": "Link Below Button",
                "find": "#0e72d8"
            },
            {
                "type": "color",
                "name": "Footer Text",
                "find": "#555555"
            },
            {
                "type": "color",
                "name": "Popup Header",
                "find": "#565656"
            },
            {
                "type": "color",
                "name": "Submit Text",
                "find": "#b58516"
            },
            {
                "type": "color",
                "name": "Submit Border",
                "find": "#eeb61a"
            },
            {
                "type": "color",
                "name": "Submit Gradient Start",
                "find": "#ffc21b"
            },
            {
                "type": "color",
                "name": "Submit Gradient Stop",
                "find": "#edad17"
            }
        ],
        "html": ""
    },
    "elements": [
        {
            "type": "container",
            "id": "main-container-id",
            "name": "main-container-id"
        },
        {
            "type": "container",
            "id": "main-id",
            "name": "main-id"
        },
        {
            "type": "container",
            "id": "wrap-id",
            "name": "wrap-id"
        },
        {
            "type": "text",
            "id": "headline-id",
            "name": "Headline"
        },
        {
            "type": "text",
            "id": "subheadline-id",
            "name": "Subheadline"
        },
        {
            "type": "container",
            "id": "content-container-id",
            "name": "content-container-id"
        },
        {
            "type": "container",
            "id": "content-id",
            "name": "content-id"
        },
        {
            "comment": "Tip: Recommended image size 231px max width.",
            "data": {
                "max-width": 231,
                "max-height": 231
            },
            "type": "image",
            "id": "image-id",
            "name": "Image"
        },
        {
            "type": "container",
            "id": "cta-id",
            "name": "cta-id"
        },
        {
            "type": "text",
            "id": "content-headline-id",
            "name": "Content Headline"
        },
        {
            "type": "container",
            "id": "bullet01-id",
            "name": "Bullet 01"
        },
        {
            "type": "text",
            "id": "bullet01-text-id",
            "name": "Bullet 01 Text"
        },
        {
            "type": "container",
            "id": "bullet02-id",
            "name": "Bullet 02"
        },
        {
            "type": "text",
            "id": "bullet02-text-id",
            "name": "Bullet 02 Text"
        },
        {
            "type": "container",
            "id": "bullet03-id",
            "name": "Bullet 03"
        },
        {
            "type": "text",
            "id": "bullet03-text-id",
            "name": "Bullet 03 Text"
        },
        {
            "type": "container",
            "id": "bullet04-id",
            "name": "Bullet 04"
        },
        {
            "type": "text",
            "id": "bullet04-text-id",
            "name": "Bullet 04 Text"
        },
        {
            "data": {
                "href": "#/optin"
            },
            "type": "link",
            "id": "optin-form-id",
            "name": "Opt-In Form"
        },
        {
            "data": {
                "href": "#/optin"
            },
            "type": "link",
            "id": "optin-form1-id",
            "name": "Opt-In Form Link"
        },
        {
            "type": "container",
            "id": "wrapper-id",
            "name": "wrapper-id"
        },
        {
            "type": "text",
            "id": "footer-id",
            "name": "Footer Text"
        }
    ],
    "name": "Simple Report Squeeze Page",
    "mobile": true,
    "notes": "Added H1 and blank title in head.",
    "syntax": 4,
    "migrate": {
        "bullet03-id": "bullet03",
        "bullet01-text-id": "bullet01-text",
        "footer-id": "footer",
        "headline-id": "headline",
        "bullet01-id": "bullet01",
        "subheadline-id": "subheadline",
        "image-id": "image",
        "bullet04-id": "bullet04",
        "bullet04-text-id": "bullet04-text",
        "content-headline-id": "content-headline",
        "optin-form1-id": "cta-text",
        "bullet02-id": "bullet02",
        "bullet02-text-id": "bullet02-text",
        "optin-form-id": "button-text",
        "bullet03-text-id": "bullet03-text"
    },
    "version": 1.10,
    "id": "4035"
}
